{
  "best_global_step": null,
  "best_metric": null,
  "best_model_checkpoint": null,
  "epoch": 8.0,
  "eval_steps": 500,
  "global_step": 248,
  "is_hyper_param_search": false,
  "is_local_process_zero": true,
  "is_world_process_zero": true,
  "log_history": [
    {
      "epoch": 1.6129032258064515,
      "grad_norm": 7.680843830108643,
      "learning_rate": 1.6048387096774193e-05,
      "loss": 0.8092,
      "step": 50
    },
    {
      "epoch": 3.225806451612903,
      "grad_norm": 6.931148529052734,
      "learning_rate": 1.2016129032258067e-05,
      "loss": 0.3263,
      "step": 100
    },
    {
      "epoch": 4.838709677419355,
      "grad_norm": 2.665963888168335,
      "learning_rate": 7.983870967741935e-06,
      "loss": 0.0897,
      "step": 150
    },
    {
      "epoch": 6.451612903225806,
      "grad_norm": 0.22123244404792786,
      "learning_rate": 3.951612903225807e-06,
      "loss": 0.0264,
      "step": 200
    }
  ],
  "logging_steps": 50,
  "max_steps": 248,
  "num_input_tokens_seen": 0,
  "num_train_epochs": 8,
  "save_steps": 500,
  "stateful_callbacks": {
    "TrainerControl": {
      "args": {
        "should_epoch_stop": false,
        "should_evaluate": false,
        "should_log": false,
        "should_save": true,
        "should_training_stop": true
      },
      "attributes": {}
    }
  },
  "total_flos": 254693788360704.0,
  "train_batch_size": 8,
  "trial_name": null,
  "trial_params": null
}
